{"cameraMode":{"drawMode":0,"name":"Shaded","section":"Shading Mode"},"sceneLighting":true,"audioPlay":false,"sceneViewState":{"m_AlwaysRefresh":false,"showFog":true,"showSkybox":true,"showFlares":true,"showImageEffects":true,"showParticleSystems":true,"showVisualEffectGraphs":true,"m_FxEnabled":true},"in2DMode":false,"pivot":{"x":1.0014528036117554,"y":0.9204858541488648,"z":-6.247973442077637},"rotation":{"x":0.0020145580638200046,"y":0.99788498878479,"z":-0.05387788638472557,"w":0.03724835067987442},"size":3.963061571121216,"orthographic":false}