{"cameraMode":{"drawMode":0,"name":"Shaded","section":"Shading Mode"},"sceneLighting":false,"audioPlay":false,"sceneViewState":{"m_AlwaysRefresh":false,"showFog":false,"showSkybox":false,"showFlares":false,"showImageEffects":false,"showParticleSystems":false,"showVisualEffectGraphs":true,"m_FxEnabled":true},"in2DMode":false,"pivot":{"x":0.16417057812213899,"y":1.5960345268249512,"z":-2.1087210178375246},"rotation":{"x":0.0008208794170059264,"y":0.9988073706626892,"z":-0.0173490047454834,"w":0.04620300978422165},"size":2.0300889015197756,"orthographic":false}