{"cameraMode":{"drawMode":0,"name":"Shaded","section":"Shading Mode"},"sceneLighting":false,"audioPlay":false,"sceneViewState":{"m_AlwaysRefresh":false,"showFog":false,"showSkybox":false,"showFlares":false,"showImageEffects":false,"showParticleSystems":false,"showVisualEffectGraphs":true,"m_FxEnabled":true},"in2DMode":false,"pivot":{"x":-1.7881393432617188e-7,"y":1.6080524921417237,"z":-0.0029420554637908937},"rotation":{"x":0.004753048997372389,"y":0.9813660979270935,"z":-0.1906701922416687,"w":0.024478359147906305},"size":0.9604302048683167,"orthographic":false}