{"cameraMode":{"drawMode":0,"name":"Shaded","section":"Shading Mode"},"sceneLighting":false,"audioPlay":false,"sceneViewState":{"m_AlwaysRefresh":false,"showFog":true,"showSkybox":false,"showFlares":true,"showImageEffects":true,"showParticleSystems":true,"showVisualEffectGraphs":true,"m_FxEnabled":true},"in2DMode":false,"pivot":{"x":-0.00014728307723999023,"y":1.608443260192871,"z":-0.002232164144515991},"rotation":{"x":-0.0023643597960472109,"y":0.9861088395118713,"z":-0.16567668318748475,"w":-0.014147563837468624},"size":0.9748786687850952,"orthographic":false}